square_footage,bedrooms,bathrooms,year_built,lot_size,distance_to_city_center,school_rating,price
1360,2,2,1963,28127,24.0,9,384389
4272,3,4,1976,6141,3.8,2,450000
3592,1,1,1989,29884,21.0,4,450000
966,6,3,2007,25885,12.5,7,450000
4926,1,3,1977,3708,15.5,1,450000
3944,2,4,1975,19375,27.1,2,450000
3671,5,3,2012,16088,26.7,9,450000
3419,1,4,2015,45602,24.6,10,450000
630,1,3,1974,46046,15.4,7,388534
2185,6,2,1952,11014,22.1,10,450000
1269,6,1,2021,4273,15.4,7,429051
2891,3,2,1993,48135,26.1,6,450000
2933,6,1,1991,38306,12.1,3,450000
1684,4,1,1955,31881,29.1,10,418166
3885,2,1,1988,32486,28.0,3,450000
4617,2,2,2001,13541,22.3,2,450000
3404,5,1,1972,9712,8.5,6,450000
974,5,2,1999,10168,4.0,4,450000
1582,2,4,1992,4551,25.7,5,435857
3058,5,3,1968,13297,5.0,3,450000
2547,3,3,2018,44733,25.6,6,450000
3247,6,1,2000,28128,14.8,3,450000
1475,2,2,1960,3832,12.3,8,394571
2306,5,3,1961,29483,27.1,9,450000
689,2,2,2023,23063,18.2,4,198932
3234,4,2,1957,23963,17.3,9,450000
3505,1,1,1973,14422,16.8,7,450000
2399,6,3,1990,33920,11.2,3,450000
1767,2,1,1985,12156,23.6,7,423709
2028,1,1,2021,12108,7.7,1,418031
3702,5,3,2004,32845,28.2,3,450000
4056,1,3,1958,3800,26.8,6,450000
4390,6,4,1996,39078,10.2,4,450000
1146,2,4,1964,43712,21.9,7,439825
3388,4,2,1997,3610,17.2,3,450000
2935,5,3,1991,13067,10.2,1,450000
1100,2,4,2009,34872,29.7,9,416083
2863,6,2,2019,11728,0.9,6,450000
2561,5,2,1961,30566,7.7,8,450000
741,3,2,1951,30783,15.7,3,262867
2541,1,4,1956,21583,15.7,8,450000
3324,6,3,1952,21238,17.7,2,450000
3112,3,1,1952,8263,22.6,4,450000
1863,2,2,1976,2914,18.7,3,397298
1978,4,4,1989,24749,18.0,10,450000
3056,5,4,1982,20456,1.7,1,450000
1275,1,1,1950,26582,11.4,7,339786
4514,5,1,1957,1406,7.0,10,450000
534,2,4,1981,14689,8.0,2,305905
3652,5,3,1997,33934,16.7,4,450000
2455,1,1,1953,34276,6.1,9,450000
2085,2,4,2019,37432,8.9,6,450000
4443,5,1,1968,20873,7.2,8,450000
3573,4,3,1981,14050,28.5,2,450000
1521,6,2,1958,1680,28.3,7,433011
3961,2,1,1961,19908,18.3,6,450000
3113,6,3,1960,19504,27.7,9,450000
4343,2,4,1995,22644,23.6,7,450000
2000,4,1,1965,38125,17.7,1,450000
661,6,1,1950,2363,0.3,8,450000
4797,3,4,2012,43291,23.2,10,450000
2481,1,2,1970,36060,21.1,3,450000
1495,3,4,1979,2538,18.5,2,404984
3842,5,1,1962,37176,22.8,3,450000
4298,4,4,1983,42520,15.4,6,450000
1775,3,3,1953,26675,21.2,3,450000
1516,2,4,1977,19287,28.1,10,450000
837,5,1,2008,1174,11.3,5,367538
1378,5,4,1976,27732,21.3,6,450000
1576,3,2,2018,35998,14.3,8,450000
4493,3,4,1974,38055,20.3,7,450000
879,4,2,1952,13112,22.9,8,319413
992,1,3,2017,40874,1.5,3,441371
2562,3,2,1974,10689,19.4,4,450000
4384,3,4,1969,45814,6.9,6,450000
564,6,1,1983,20555,20.1,7,309520
3068,2,2,1975,34919,14.1,9,450000
2527,6,3,1954,8619,23.2,1,450000
3195,6,2,2010,7033,3.8,8,450000
1995,5,2,1958,42328,18.8,8,450000
891,1,2,1999,5946,8.4,6,315737
4974,2,3,1955,25618,25.6,4,450000
4061,4,4,2009,35675,27.9,3,450000
2778,4,2,1993,37258,29.9,3,450000
3599,3,2,1960,19919,23.9,6,450000
700,3,1,2015,5173,22.6,8,250438
3604,4,3,1996,44833,6.5,7,450000
2954,3,2,2022,27400,10.1,1,450000
4145,1,3,1952,5769,14.0,6,450000
1304,6,2,1979,38564,23.2,7,450000
3231,3,4,1970,46814,27.5,7,450000
3273,5,4,1977,15211,5.8,9,450000
2070,3,2,2011,24255,27.7,10,450000
3190,2,4,1982,28962,20.9,5,450000
4340,1,2,1984,20356,18.4,1,450000
1528,2,4,2001,21306,6.1,2,450000
1002,2,1,1983,5997,1.8,4,363062
4993,5,1,1990,18376,17.1,5,450000
1370,1,1,2000,41880,19.6,9,438746
4988,1,3,1996,39055,6.4,1,450000
706,1,3,2007,11578,16.7,3,244524
1984,1,1,2006,19624,25.7,5,340034
1363,1,3,1972,40194,25.1,3,371939
3290,5,4,1997,45367,27.8,4,450000
1063,3,2,1971,1389,11.0,3,352831
4691,2,2,1966,34767,9.6,4,450000
2257,1,2,2018,46580,22.5,1,450000
2178,3,1,1960,49367,13.0,8,450000
3742,3,3,1964,2855,2.7,4,450000
1559,2,4,1984,41893,8.6,7,450000
2222,5,4,1982,14794,12.6,2,450000
3814,4,1,1965,36531,8.8,2,450000
3657,4,4,1983,5986,10.0,6,450000
3125,3,4,2015,33298,8.9,2,450000
3229,6,4,1989,2481,1.3,6,450000
2097,6,4,1977,4731,19.1,2,450000
3560,2,3,1996,17835,18.0,4,450000
3193,4,4,1988,28798,19.6,7,450000
4127,3,2,2019,27113,5.9,8,450000
1863,5,1,2022,20477,8.9,3,450000
2481,4,3,1969,18266,18.6,9,450000
2163,3,4,1950,21792,18.0,2,450000
2029,3,3,2021,21452,15.2,8,450000
2538,1,4,2012,44526,10.6,8,450000
3802,5,2,2016,42334,27.4,4,450000
2737,1,1,1953,12889,10.3,1,450000
1806,2,4,2007,25335,13.7,1,450000
4529,1,4,1974,12254,20.4,2,450000
3175,1,4,1996,22074,16.3,9,450000
1782,4,4,1987,12442,10.5,2,450000
1209,6,1,1964,47289,13.1,2,445461
4913,3,1,2012,38327,23.9,6,450000
4248,5,2,1970,17199,8.4,7,450000
1163,1,1,2006,8291,4.4,7,405640
2498,5,4,2002,41928,9.5,9,450000
3945,6,2,1995,1112,25.5,6,450000
4243,6,2,1963,22515,2.8,8,450000
1995,1,2,1966,20581,29.8,6,396223
3804,2,4,1988,49692,16.3,2,450000
4263,1,3,1958,27500,29.5,1,450000
2353,4,4,1955,33026,28.2,5,450000
1791,3,1,1972,17523,13.6,9,450000
4081,2,1,2008,2424,6.0,8,450000
3957,1,4,1995,20552,5.0,4,450000
2136,5,4,1987,11808,7.3,5,450000
4196,2,2,1963,39811,21.3,5,450000
3499,2,4,2021,7989,8.3,6,450000
3652,1,2,2011,24620,10.3,3,450000
1198,2,1,1984,40029,13.5,5,349805
2660,5,2,1968,1887,27.4,2,450000
4597,6,4,1979,32802,5.8,10,450000
1354,2,1,1974,20488,0.3,1,381161
3974,6,3,1989,31013,1.9,1,450000
2207,5,2,1963,17402,27.2,10,450000
3277,1,1,1975,22205,19.5,7,450000
2233,3,2,1971,27049,8.3,2,450000
4010,2,1,1997,13253,5.4,4,450000
702,3,1,2000,19990,8.9,5,312049
3755,5,2,1952,8846,3.5,7,450000
4718,2,3,1991,26027,28.3,2,450000
4996,6,1,1968,40200,23.5,6,450000
1266,4,1,2022,47220,13.9,1,389089
4889,3,1,1977,47163,26.0,7,450000
2827,2,3,1994,4765,7.6,9,450000
3431,3,3,2020,16950,21.5,5,450000
697,2,4,2012,46270,25.7,5,373406
2430,1,2,2022,10741,10.8,4,450000
4082,6,3,1968,23742,22.7,3,450000
1108,3,2,1996,25703,8.9,9,450000
3772,4,4,1963,39709,9.0,5,450000
1647,4,2,1987,38623,3.3,8,450000
4782,5,3,2002,23931,13.3,9,450000
3897,2,2,2010,24580,21.9,5,450000
3011,3,3,1985,16166,28.2,10,450000
2294,5,2,1989,30240,18.2,9,450000
1159,3,3,1979,26991,25.9,2,318845
3311,2,3,1958,39556,24.7,9,450000
1869,4,2,2013,33969,5.3,4,450000
2486,1,4,1982,11561,14.6,6,450000
646,4,1,2001,17901,3.6,6,412160
3719,5,4,1963,41505,20.5,6,450000
3411,6,2,2002,31020,28.5,2,450000
2234,1,4,2008,26917,4.2,7,450000
2343,5,3,1990,2988,22.0,6,450000
988,2,1,2017,49209,19.0,1,240673
3476,1,2,2017,45505,17.5,2,450000
2459,5,2,1957,15256,11.8,7,450000
2885,2,2,1951,23192,10.7,1,450000
3419,4,1,1990,29230,1.5,1,450000
2302,6,3,2004,40930,6.6,1,450000
4561,2,2,1965,46833,0.6,8,450000
3869,3,4,2011,23625,17.5,4,450000
762,2,2,1997,33088,3.3,4,394952
1123,2,2,1979,15114,26.2,2,277557
1516,6,2,1961,42167,15.7,1,434568
4143,3,2,1984,39401,21.0,10,450000
2549,5,3,1960,6755,12.4,9,450000
4223,5,4,2013,11825,16.9,7,450000
3608,2,3,1999,23693,28.3,4,450000
4590,3,4,1970,5117,2.6,6,450000
2556,3,2,2018,25729,7.7,2,450000
3670,6,1,1997,33182,23.4,7,450000
2182,4,3,1969,29890,3.1,2,450000
2755,5,1,2016,30340,2.4,10,450000
1654,6,3,1993,2518,10.9,8,450000
4999,1,2,1982,31949,2.9,8,450000
3691,5,3,2022,23547,17.6,1,450000
2196,6,2,2010,17346,6.9,8,450000
4491,5,3,1958,3600,26.9,2,450000
2148,4,2,2017,47005,23.5,6,450000
1945,1,2,1984,30267,21.0,1,391721
4699,4,4,2014,37322,18.5,5,450000
4423,1,2,1957,27990,25.9,7,450000
753,2,4,1994,17193,6.8,10,450000
3683,6,2,1996,31109,26.2,1,450000
3057,1,1,1989,20233,23.7,2,450000
598,4,2,2003,49021,22.5,7,361342
2700,5,1,1995,17194,16.9,6,450000
3461,1,1,1996,35510,7.5,3,450000
4933,6,2,1964,2306,12.8,10,450000
4277,1,1,1968,4849,23.8,2,450000
3369,3,4,1975,13360,1.1,10,450000
3734,5,3,2001,46536,23.5,4,450000
4291,6,2,1971,30231,7.3,3,450000
1456,6,1,1970,46800,4.4,7,450000
4567,2,2,2000,37963,3.6,8,450000
660,4,4,1987,19689,0.9,2,397971
4993,2,2,1969,30084,15.8,10,450000
1800,6,2,1978,41387,6.6,7,450000
4487,5,1,2000,10280,29.7,8,450000
2027,1,4,1953,3642,17.3,6,450000
1718,1,3,2004,43137,4.2,6,450000
4996,5,3,2020,15296,20.7,10,450000
3604,6,1,1977,16438,26.9,1,450000
3235,1,2,1953,49442,22.4,4,450000
1454,1,1,1971,38525,2.4,1,398837
3946,1,1,1994,3994,26.9,4,450000
1545,4,1,2016,48994,23.8,2,380866
2193,4,2,2015,35039,4.8,5,450000
3936,3,4,1983,2813,1.6,10,450000
1062,2,1,2004,28491,16.8,9,355176
2985,5,2,1950,19845,4.8,10,450000
3854,5,4,2021,42243,25.1,3,450000
725,5,1,1987,38164,10.8,8,450000
1459,3,3,1955,43051,27.4,3,410106
3567,4,4,1974,14318,17.0,6,450000
1315,6,1,1966,18200,5.6,4,450000
3620,6,4,2010,1082,4.3,8,450000
516,3,4,1961,2920,17.3,6,339945
1743,6,4,1955,41585,22.9,8,450000
2705,5,4,1976,12683,23.5,1,450000
3024,2,4,1957,12336,8.3,6,450000
1569,1,4,2014,16596,6.2,1,449016
3944,4,1,2006,3093,0.6,1,450000
3065,4,3,1989,13905,20.4,8,450000
1560,3,2,1963,25351,2.4,7,450000
2827,4,4,1984,31981,12.7,3,450000
3920,5,2,1997,9367,18.1,6,450000
801,6,1,2005,6285,28.1,9,356676
4776,5,4,1998,44664,9.4,7,450000
1106,3,3,1962,38705,7.6,3,421836
3670,5,2,2010,17753,19.7,6,450000
1199,6,4,1998,19485,18.6,4,450000
1639,2,1,1995,13977,10.0,3,431369
690,3,3,2011,20874,27.9,9,311597
2800,2,2,1957,8674,25.4,10,450000
1480,1,2,1992,30038,6.8,2,413253
3475,2,4,1969,30315,7.3,1,450000
1684,1,3,1988,4676,15.4,2,416885
3827,1,3,1998,3426,23.2,7,450000
3894,2,3,2013,25473,1.4,10,450000
627,3,3,2011,3962,20.8,1,176707
2565,6,1,2003,30943,19.5,6,450000
2316,5,3,1958,1859,7.0,7,450000
1069,5,2,1986,45816,20.5,9,450000
2395,6,2,1998,5138,28.2,8,450000
3233,1,1,1990,36192,1.5,6,450000
4363,1,2,1966,26640,9.7,3,450000
4514,3,2,1970,11409,13.2,8,450000
3401,4,3,2000,5017,27.0,7,450000
2186,2,2,2008,11451,28.9,3,419605
3509,1,1,1988,29327,13.4,9,450000
654,5,3,2004,11278,22.5,2,290648
3037,3,4,1990,25944,16.0,3,450000
1909,2,3,1988,44764,16.2,2,450000
4557,3,1,1962,2134,8.4,1,450000
1284,2,3,2013,31131,6.6,4,450000
3675,2,3,1960,38887,8.7,5,450000
4841,6,1,1968,39462,16.7,6,450000
3306,1,3,1960,23520,1.0,5,450000
1037,3,1,1995,22869,27.2,1,203520
2341,3,1,1994,37932,4.8,3,450000
2955,6,4,1950,6039,6.7,1,450000
1024,5,2,1989,22281,15.6,5,392967
3450,5,2,1968,48399,21.3,5,450000
4631,1,3,2021,11442,3.0,6,450000
4615,1,3,2021,9252,9.6,8,450000
2868,4,4,2010,28586,29.1,10,450000
4347,6,4,1961,18568,7.9,1,450000
4995,5,4,2010,21810,9.5,4,450000
3201,2,1,1982,2551,25.1,10,450000
1471,3,4,1994,13625,1.6,1,450000
1666,1,4,2018,35397,14.0,9,450000
3274,3,3,1957,27249,11.5,7,450000
2482,3,4,1974,2361,9.6,7,450000
1353,4,1,1995,27149,8.6,5,450000
4646,5,1,1979,5370,2.8,7,450000
4236,1,3,1996,6283,9.5,2,450000
4269,3,4,1998,8610,1.4,4,450000
1074,1,4,1996,44326,23.5,7,434146
3761,2,1,1967,15924,12.0,3,450000
1648,4,4,2015,48607,13.4,2,450000
2215,2,4,2017,45717,26.8,10,450000
4354,1,4,1982,11626,19.8,2,450000
2991,1,2,1985,35761,0.3,1,450000
3160,5,3,1968,1869,28.3,5,450000
3624,3,2,1977,32552,7.2,6,450000
3551,3,3,1989,2014,3.3,6,450000
504,2,1,1964,11103,23.1,9,261283
1376,4,4,1990,17986,15.1,4,450000
1491,6,3,1988,45781,13.1,1,450000
4642,3,2,1951,31471,7.6,6,450000
4864,5,4,2012,34458,16.5,5,450000
4965,2,1,1978,26069,8.3,10,450000
1135,2,3,2023,17873,27.1,6,342972
2193,6,3,2015,24248,6.5,3,450000
2182,5,3,2000,24624,26.5,2,450000
619,4,4,1959,44516,16.8,6,435443
1330,5,2,1963,30061,24.9,1,323717
4175,4,2,2000,25170,21.4,7,450000
1869,5,3,2022,9024,20.9,7,450000
1240,5,1,1988,17678,9.8,10,450000
616,1,1,1977,39256,7.1,7,333141
3338,2,2,1952,21411,6.4,10,450000
1650,5,1,2019,44803,25.7,1,412485
2431,6,2,1976,20296,24.6,4,450000
1512,5,3,1951,27293,13.3,7,450000
2164,3,2,1987,28172,4.1,9,450000
1581,2,2,1952,22128,11.5,5,432134
1012,3,3,1965,19257,18.6,2,331542
3349,2,1,1989,13855,13.7,7,450000
1059,3,2,1951,20642,23.4,10,371927
4172,5,2,1990,36585,29.9,1,450000
3843,5,3,1961,21025,5.8,7,450000
4570,1,1,1984,5458,13.8,6,450000
1970,6,2,2014,6307,13.0,7,450000
1080,3,3,2004,42701,9.2,10,450000
2794,4,2,1994,19425,6.0,3,450000
3647,1,4,2011,44427,2.1,3,450000
4749,3,3,1998,29273,26.6,7,450000
2179,3,1,1974,39506,12.7,2,450000
4006,1,1,1972,6668,15.0,1,450000
3244,5,1,1973,26934,27.5,9,450000
3856,3,1,1987,48195,23.3,9,450000
4545,5,2,1977,8697,4.0,7,450000
1743,1,2,1970,25417,17.0,7,437002
3618,5,1,2003,17446,13.3,3,450000
2641,2,1,1967,41597,23.9,10,450000
3559,4,1,1985,11751,21.8,2,450000
3459,3,2,1994,47218,20.7,7,450000
2765,6,1,2022,8352,10.3,9,450000
2979,4,1,2002,14516,24.2,1,450000
2135,5,4,1979,24299,1.7,4,450000
2257,3,4,2009,32957,4.9,6,450000
4952,5,1,1981,29927,10.1,7,450000
2570,2,3,2016,42094,2.4,10,450000
3349,1,1,2016,37412,7.1,7,450000
3751,3,4,1977,30493,24.9,10,450000
4230,2,3,1993,27711,28.5,2,450000
2989,2,3,1990,9003,9.2,4,450000
2131,3,1,2012,32707,8.0,5,450000
3316,5,4,1972,4278,8.5,1,450000
1515,6,4,1997,8296,8.4,1,450000
1848,2,3,1981,26398,1.2,10,450000
3587,4,1,2006,36842,27.8,3,450000
3339,2,2,1982,14261,6.5,10,450000
835,6,2,1973,12173,12.7,3,393244
1395,5,4,1988,31449,0.4,8,450000
4046,5,2,1983,42080,25.8,9,450000
1351,4,4,2005,2637,22.0,1,364727
2187,2,4,1977,32781,28.4,2,450000
2431,5,4,1986,14652,23.5,10,450000
4246,6,2,1956,6103,9.5,2,450000
2927,3,4,2017,26500,7.5,4,450000
2068,1,3,1986,35800,21.0,2,427003
4500,1,1,2005,36529,11.0,7,450000
3238,1,1,2014,48963,17.0,9,450000
3998,2,4,2014,19452,0.3,7,450000
4413,4,1,1996,32174,2.0,6,450000
1566,5,2,1969,36436,16.1,10,450000
4880,3,2,1968,48406,17.0,1,450000
2944,6,1,1978,16954,22.6,10,450000
4607,3,2,2023,18186,4.0,9,450000
3873,6,1,2009,13356,15.4,5,450000
4469,2,1,1967,33963,5.9,5,450000
3046,1,1,1984,3187,2.9,6,450000
1253,2,4,1992,12707,12.4,9,450000
2582,4,1,1960,36098,5.0,8,450000
3274,4,4,1998,27935,6.7,8,450000
3396,6,1,1987,22225,9.6,8,450000
4685,5,1,2013,4606,7.9,1,450000
1275,5,1,2018,33828,2.7,1,422425
2125,6,2,1957,27489,2.8,8,450000
3569,4,4,1983,15387,5.9,5,450000
917,4,4,1997,4927,1.6,9,450000
614,4,1,2005,7296,18.8,2,195726
1116,2,1,2014,31444,8.7,9,404965
4474,4,2,1980,47390,8.5,8,450000
3767,3,2,1953,47893,10.0,9,450000
1325,1,2,1999,3591,19.9,4,271539
2016,4,4,2018,45895,26.1,1,450000
3646,6,4,1979,49516,22.8,1,450000
912,1,4,2008,27147,21.9,5,359623
1228,2,1,2016,39889,14.6,2,324353
3848,6,4,1994,2200,20.8,8,450000
3308,1,3,1953,16721,16.6,10,450000
1175,6,3,1975,20238,6.6,5,450000
3965,2,2,1976,12087,6.3,5,450000
3004,3,4,1995,31816,9.0,2,450000
3467,2,3,2013,24408,27.3,7,450000
3286,2,2,2000,40740,16.5,8,450000
1622,6,4,1999,1136,22.0,10,450000
4579,5,1,1955,18413,10.5,1,450000
2071,4,3,2008,49114,12.3,2,450000
2643,4,1,1964,19978,3.9,10,450000
2187,3,4,1979,1661,5.2,4,450000
4632,3,3,1991,36240,24.8,5,450000
4351,4,4,1986,28253,17.6,2,450000
3940,5,1,1991,27884,10.2,1,450000
4266,4,3,1984,33854,24.1,9,450000
2826,5,1,1955,11704,7.5,1,450000
3414,3,4,2017,39987,29.3,4,450000
4452,1,4,1967,25527,10.4,2,450000
1095,6,1,2022,17322,10.2,4,410293
1228,3,3,1978,48517,9.4,8,450000
1865,3,1,2008,7968,3.8,8,450000
4992,2,4,1996,28518,3.4,9,450000
1198,2,1,1966,47364,19.5,5,354559
895,2,4,1971,28886,26.3,7,345288
4671,6,1,2017,2700,23.7,3,450000
4860,2,3,2018,29246,4.3,10,450000
3002,5,3,1986,36468,16.4,4,450000
2319,4,1,1998,24199,3.3,10,450000
1217,1,1,1962,45589,1.5,9,450000
3282,3,3,1983,33115,19.7,10,450000
4077,5,4,2002,6520,16.1,10,450000
643,1,3,2000,45278,2.6,1,341308
3640,5,4,1952,37455,1.1,2,450000
4991,5,1,1991,21929,29.7,5,450000
3438,3,1,1981,42605,1.0,3,450000
4136,4,4,2000,15955,13.4,2,450000
3722,2,1,1995,45049,15.2,1,450000
1667,6,4,1970,14917,3.6,10,450000
3116,4,2,1993,5757,5.2,3,450000
1562,6,3,1960,14045,10.6,1,447916
2656,3,2,2017,42680,22.9,1,450000
3482,3,4,1950,5733,15.3,1,450000
3794,3,3,2012,31954,19.2,8,450000
1656,1,4,1973,32135,29.6,3,414016
1232,6,3,1962,8081,23.1,1,397919
4830,4,3,1960,42458,13.1,7,450000
1453,4,3,2000,24501,13.4,10,450000
3039,5,3,1966,22113,18.6,3,450000
3824,5,4,1973,35441,20.0,8,450000
3801,5,3,1968,48086,15.1,4,450000
2042,3,3,1986,25690,19.4,4,450000
1691,4,2,1957,44939,0.8,5,450000
3493,6,1,1977,30345,12.9,6,450000
3181,3,1,1954,47313,8.4,7,450000
1717,1,2,1966,45571,4.0,4,450000
2040,5,2,1985,27829,3.1,8,450000
3736,3,4,1968,36062,18.1,6,450000
2886,3,4,2013,4630,15.8,1,450000
4219,1,4,1960,48861,7.7,1,450000
1888,2,2,2003,32870,14.2,9,450000
2356,4,2,1994,48221,14.8,10,450000
1865,6,3,1996,45942,5.9,6,450000
999,2,4,1961,4453,19.6,10,444715
2180,5,4,1970,38275,23.4,8,450000
1010,3,4,1960,44370,23.8,7,420415
4812,1,1,1954,39396,18.1,6,450000
1824,1,3,2005,9328,15.4,4,450000
1655,4,4,1969,16534,1.9,7,450000
2327,2,4,1990,20744,8.7,9,450000
3641,4,4,1995,20389,2.9,10,450000
3986,3,1,1961,37320,28.9,10,450000
2310,4,1,2019,36010,4.1,7,450000
3423,6,2,1966,15665,4.6,1,450000
2714,1,3,1968,38865,26.7,10,450000
4686,1,2,1975,9640,28.3,9,450000
1213,5,3,1997,35716,23.0,4,418343
4102,5,1,2001,26521,0.3,3,450000
4634,3,4,2019,31049,0.1,4,450000
4022,6,2,2004,6618,11.4,4,450000
4768,2,4,1982,38004,4.4,10,450000
1743,4,2,2011,2920,0.6,2,450000
4209,3,1,1972,44937,14.0,1,450000
1581,5,1,1964,5188,28.3,10,429394
955,4,1,1976,13207,9.8,1,299227
1394,5,2,2013,1238,19.9,8,450000
1884,4,3,2000,33972,19.6,2,444732
2458,2,2,2002,11799,7.6,10,450000
3572,3,3,2000,6552,19.5,5,450000
2496,4,2,1996,29916,6.4,4,450000
4785,6,2,1953,5927,3.7,8,450000
1004,1,1,1956,28964,21.1,2,269667
1714,6,4,1984,12164,3.5,10,450000
2031,6,4,1997,38158,29.9,9,450000
3940,1,3,2022,20071,5.6,7,450000
1323,6,4,2021,49409,17.9,7,450000
1428,4,2,1994,7160,12.4,1,380107
633,4,2,2021,16810,3.9,2,331902
2605,4,1,1968,6126,0.9,4,450000
4127,1,1,2012,31009,18.7,4,450000
2352,6,4,1987,34584,24.2,3,450000
4675,1,3,2016,47182,25.3,7,450000
3433,4,4,2008,26396,14.5,8,450000
3784,6,4,2018,1192,23.3,2,450000
4798,6,4,1962,37413,20.2,4,450000
3311,5,4,1996,13816,21.8,3,450000
1750,5,2,2010,40082,14.8,2,423131
4012,2,3,1980,33130,19.0,6,450000
1756,3,2,1971,41142,24.2,4,424461
3876,5,3,1992,37468,12.0,6,450000
3986,1,1,2016,31698,24.2,2,450000
4084,5,4,2003,11655,17.8,4,450000
1896,2,2,1959,48897,5.1,6,450000
4137,6,3,1991,31075,0.8,5,450000
3830,2,1,2013,10359,10.9,3,450000
3203,6,1,1970,37661,16.4,8,450000
970,6,4,2015,40579,25.2,7,450000
1853,3,3,1990,43056,3.9,3,450000
3283,5,2,1973,34272,24.0,6,450000
3331,1,4,1984,43581,25.9,4,450000
857,1,2,2005,15671,4.6,5,374662
3519,4,1,1979,28048,25.6,5,450000
1167,6,2,2006,11738,29.7,7,406884
4968,1,2,1996,26963,21.8,5,450000
1645,3,4,1984,44954,23.6,3,450000
4685,6,2,1968,7773,29.8,10,450000
4219,3,4,1957,37584,18.2,5,450000
3245,1,1,1975,30894,9.3,7,450000
1039,1,4,2020,1717,25.1,5,306925
3279,4,4,1979,12676,18.5,5,450000
4636,1,3,1956,5434,17.5,9,450000
4275,6,2,2016,38825,7.7,3,450000
3008,6,1,2014,30100,22.7,6,450000
3279,6,4,1985,5994,2.5,1,450000
1424,4,1,1974,5234,27.7,10,431767
3456,4,3,1986,4764,9.8,5,450000
2081,1,2,1950,44949,3.9,8,450000
3824,2,4,1964,38405,13.3,5,450000
4985,2,2,1986,35872,1.4,9,450000
755,4,3,1962,43215,20.6,6,403360
2338,1,3,1957,24185,27.1,8,450000
2444,2,1,1954,44442,25.1,10,450000
509,1,4,2009,42153,3.9,8,360004
3371,1,1,2022,12999,3.9,3,450000
1297,1,3,1950,37487,24.4,7,423997
1515,5,2,1985,3581,27.7,7,415277
2324,6,1,1984,3763,13.9,10,450000
4969,1,1,2015,28374,15.0,6,450000
3636,5,2,2012,39759,9.6,7,450000
2693,4,1,1972,11531,26.8,2,429333
723,2,2,1958,26307,19.4,9,299877
4658,6,4,1983,31835,8.7,10,450000
4425,2,2,1995,12064,9.0,10,450000
4500,6,4,1953,12312,26.7,1,450000
2133,2,2,1979,38548,0.5,1,450000
2652,6,3,2021,37945,9.7,3,450000
1010,2,3,1952,48937,16.7,3,344692
884,2,4,1963,7476,4.5,1,335899
904,2,4,2009,25565,2.9,7,438949
2500,2,3,1994,3382,24.5,4,450000
3256,4,4,1983,23463,26.8,10,450000
2168,1,2,1994,46276,24.7,2,436505
1960,3,2,2010,34402,27.0,10,450000
4136,5,3,1965,27345,16.6,5,450000
3224,3,1,2015,45764,24.4,6,450000
4678,3,2,1989,27946,11.6,9,450000
2548,6,4,1966,15162,20.0,4,450000
4646,1,1,1983,47773,29.7,2,450000
1216,6,1,1965,9397,6.8,5,418983
2323,1,2,2009,23335,11.8,3,450000
2581,1,2,2015,46095,14.5,2,450000
3919,2,1,2015,15394,4.2,1,450000
2074,4,1,1962,28197,2.5,10,450000
749,2,3,2005,23010,24.9,2,220107
1173,4,4,1980,25123,29.3,6,411710
2665,6,3,1983,23387,12.2,8,450000
1270,4,2,1988,3890,2.7,3,408550
4462,6,3,2016,28769,2.1,9,450000
4863,3,3,1957,44626,26.8,9,450000
2484,3,3,2004,9026,14.0,2,450000
1577,4,3,1976,4306,9.7,8,450000
735,4,4,2002,34665,14.3,10,450000
888,6,4,1988,10277,9.6,5,450000
3537,2,1,2014,43239,14.7,4,450000
2348,6,2,1966,48664,25.8,10,450000
3314,2,3,1979,49008,17.8,5,450000
3874,3,1,2002,15683,20.9,4,450000
3778,1,1,1962,1670,11.0,8,450000
1752,4,1,1970,24675,22.2,4,429817
4481,2,4,1968,18889,20.0,10,450000
2622,6,3,2002,45535,3.7,6,450000
2650,3,3,1968,14006,17.2,2,450000
1829,2,2,2006,49536,7.8,5,450000
1858,6,3,1974,27531,24.1,6,450000
2982,4,3,1980,22639,12.8,5,450000
2517,4,1,2004,17633,29.8,2,450000
1831,5,2,1972,35660,2.9,7,450000
4844,1,3,1981,4439,23.4,4,450000
4761,5,4,2011,33172,20.2,8,450000
1858,3,3,2023,36622,23.0,7,450000
3677,2,1,1959,12577,9.3,7,450000
2628,3,4,2021,12763,14.8,9,450000
2680,6,1,2003,21176,23.9,1,450000
637,4,3,2001,45386,7.1,10,450000
3972,5,4,1969,25255,6.9,6,450000
3332,5,2,1981,42003,16.6,6,450000
4079,5,2,1963,20996,15.8,6,450000
3531,3,4,1999,36386,8.5,6,450000
4664,4,4,1977,22062,9.0,10,450000
3093,2,1,2002,36931,8.4,7,450000
4800,6,4,1973,36710,23.2,10,450000
4318,2,1,1971,35693,19.6,6,450000
4638,3,3,1979,36740,25.0,1,450000
4323,6,1,2012,12705,29.3,3,450000
4542,5,4,1953,44408,14.3,2,450000
2406,1,4,2008,29047,2.1,6,450000
1260,3,3,1957,11966,1.5,8,450000
3945,3,4,1961,18374,8.9,3,450000
1399,4,4,1980,12138,28.0,10,450000
4955,2,2,1983,16935,15.7,8,450000
3447,3,2,1998,46913,8.2,8,450000
2219,3,3,2006,1489,12.0,5,450000
780,5,1,1975,45516,18.0,8,383344
3766,5,2,1967,23260,19.6,6,450000
2387,6,1,1987,27069,4.7,5,450000
3766,1,4,1999,20275,29.3,9,450000
1166,4,2,1957,37284,16.4,7,419062
4688,1,3,1990,40178,4.2,8,450000
1171,6,3,1955,33821,26.8,1,334252
2469,5,3,2018,17999,2.3,2,450000
4656,2,2,1993,39712,27.2,8,450000
3622,5,1,2013,41172,29.9,9,450000
4400,4,4,1978,34722,21.0,4,450000
1023,5,1,1977,11625,23.1,10,394560
2893,4,1,1960,2629,10.2,10,450000
3617,4,4,2014,11973,28.3,9,450000
3093,4,4,1968,7859,15.9,4,450000
2468,6,2,1958,42609,22.0,10,450000
2253,4,2,1976,44307,27.7,10,450000
2796,4,2,1983,46450,29.3,10,450000
2761,2,2,1993,37046,25.0,9,450000
2786,1,2,2017,22839,9.2,7,450000
4702,3,4,1964,28216,29.0,2,450000
3378,1,1,2000,19945,18.9,9,450000
4643,4,2,1962,7539,27.9,4,450000
4144,2,2,1998,34625,20.3,8,450000
4932,5,1,2019,5886,9.3,7,450000
2555,2,2,2005,46713,11.2,7,450000
1776,4,1,2000,8485,16.6,8,450000
3266,2,1,1986,32455,23.7,1,450000
802,2,4,1966,47448,9.6,5,450000
1138,4,3,2007,17767,17.4,2,386979
555,6,4,1978,48165,10.4,2,433385
1025,2,3,1982,29453,24.5,1,286603
4623,3,3,2009,11744,14.1,5,450000
2625,3,3,2004,38102,2.4,2,450000
3787,2,2,1959,13226,5.1,4,450000
864,6,4,1996,28869,1.9,3,450000
2146,5,3,1972,23588,15.0,3,450000
1418,4,1,1970,14440,3.3,2,401292
3297,3,2,1962,32709,3.5,6,450000
2031,5,4,1982,48788,28.2,2,450000
3845,2,3,1973,23495,26.2,8,450000
2406,5,1,1960,38019,13.6,8,450000
3586,1,4,1966,45948,29.6,5,450000
2575,3,4,2017,49908,0.1,10,450000
1213,2,2,1996,1922,18.5,7,356405
1562,4,4,1974,28526,18.5,4,450000
2476,6,2,2022,8957,13.8,1,450000
1796,2,3,1970,49564,12.0,2,450000
625,4,2,1961,34998,13.7,10,450000
4096,6,1,1986,44395,12.5,10,450000
3783,6,2,1991,25031,21.9,4,450000
2103,2,1,1966,11006,4.1,1,450000
566,5,2,1997,38701,6.0,8,417936
732,5,4,1977,48063,5.5,9,450000
2656,6,3,1990,26939,7.9,4,450000
1669,5,1,1996,21324,15.8,10,450000
2658,1,2,1967,23867,3.4,3,450000
4706,6,2,2020,1203,26.1,2,450000
1993,6,2,1962,17544,9.0,5,450000
4507,4,4,1962,16899,5.0,3,450000
2972,5,4,1980,30063,20.3,10,450000
3160,6,1,1951,26344,1.2,7,450000
3239,1,1,1965,4748,18.6,6,450000
2261,4,4,1958,40486,21.0,1,450000
4014,2,1,2022,2093,6.5,8,450000
2475,6,3,1987,16228,1.4,2,450000
2862,1,3,2003,21884,11.0,5,450000
1376,3,4,2005,26183,3.0,9,450000
4312,1,1,1994,17034,3.6,8,450000
3948,1,2,1983,6710,7.7,2,450000
1812,4,3,1958,43500,8.9,9,450000
1960,2,4,1957,20259,15.9,5,450000
3209,3,1,1956,36959,20.4,10,450000
2824,5,4,1985,34457,17.8,6,450000
2233,5,2,1967,21143,4.5,3,450000
2105,1,3,1952,3103,5.2,3,450000
3063,4,4,1977,1365,26.4,10,450000
3921,4,4,2019,47778,16.8,8,450000
4017,5,4,1993,45535,26.1,10,450000
2897,3,2,1970,17103,11.2,10,450000
4235,2,4,1977,33510,18.5,2,450000
3370,3,2,2003,25476,15.8,2,450000
1660,6,2,2003,13742,9.6,5,450000
742,6,2,2014,13391,14.2,6,368005
3090,2,3,1970,37940,15.1,2,450000
1563,5,3,1962,29901,6.1,5,450000
4824,2,4,2006,33001,9.5,7,450000
3095,4,4,1998,16623,23.8,10,450000
1419,6,3,2003,3378,27.5,10,450000
505,1,1,1959,22372,10.9,8,288391
967,1,3,2002,45799,9.3,7,433465
4670,5,2,1993,39437,5.9,8,450000
503,4,3,1996,36503,20.4,9,387807
1145,3,2,2002,31746,9.8,5,430474
617,4,4,2023,28923,29.6,5,337263
3428,1,1,1995,10867,9.8,10,450000
3051,1,4,1962,42258,11.9,4,450000
4789,6,2,1986,34724,18.1,9,450000
1346,4,2,1973,10306,24.1,5,331642
3262,4,2,1951,40391,14.1,2,450000
1641,1,1,1963,15908,12.7,10,450000
2310,3,3,1959,28081,29.9,8,450000
1223,5,4,1984,38228,0.4,7,450000
724,5,4,1974,24386,26.9,8,425154
4708,4,3,1952,47754,4.6,3,450000
2548,5,4,1966,46406,23.6,4,450000
4915,1,1,1961,29302,18.6,5,450000
2073,1,4,2003,20212,10.3,6,450000
2328,4,2,1973,36618,26.2,1,450000
2417,4,3,1978,47067,0.5,4,450000
4734,6,1,1992,11698,6.9,10,450000
2526,4,3,1974,5594,17.1,5,450000
4244,3,1,2009,26525,10.6,7,450000
1401,5,2,2014,15282,18.4,5,443826
2539,4,3,1977,15334,0.8,1,450000
509,2,4,1965,30179,3.6,7,419874
760,6,1,1996,7644,3.9,8,406808
2173,2,3,2007,36618,5.8,7,450000
2719,1,4,1976,48701,13.8,4,450000
2560,5,3,2002,33933,22.6,8,450000
4213,4,3,1991,44469,27.2,5,450000
2119,2,3,2008,34687,25.1,10,450000
820,5,1,1996,42073,6.0,9,450000
1842,1,4,1983,18375,13.3,10,450000
2876,3,2,1986,49483,6.1,5,450000
3332,6,1,1955,31926,8.0,1,450000
3324,5,1,1956,37607,15.2,9,450000
2494,5,1,1974,18642,2.1,5,450000
3458,3,2,1982,24993,6.6,6,450000
2538,5,4,2004,45386,28.1,4,450000
3990,1,4,2007,47287,14.0,6,450000
4177,1,4,1956,22188,13.4,8,450000
1618,3,3,2006,33596,0.5,3,450000
2104,6,3,1961,28772,7.5,5,450000
4527,4,3,1965,31857,26.0,2,450000
735,2,2,1992,11776,5.0,2,235192
2469,4,3,1956,33835,12.5,7,450000
4929,5,2,2000,10788,0.5,10,450000
2408,2,4,2022,6660,14.4,10,450000
875,3,3,1981,5478,0.7,10,450000
4030,3,3,1957,9210,24.6,6,450000
3135,6,1,2021,11922,24.8,4,450000
2070,2,2,1994,37289,23.7,5,450000
3060,1,4,2008,34340,8.6,1,450000
3891,2,1,1953,40850,25.1,7,450000
3465,5,1,2016,39163,16.3,8,450000
4143,1,4,1978,49175,11.3,9,450000
4350,3,1,1978,19642,18.8,8,450000
1372,2,2,1977,12094,0.5,5,450000
1752,4,2,1993,23423,4.4,3,450000
1814,6,3,1953,34418,22.3,10,450000
3398,4,1,1958,6741,7.4,9,450000
577,6,3,1954,47049,18.0,6,395987
3121,5,1,2005,7838,11.6,5,450000
4727,4,2,1999,4262,25.7,3,450000
1100,2,2,1964,5996,28.6,6,318355
1565,2,2,1981,45594,26.5,3,331077
2636,4,1,1977,23164,8.2,10,450000
2949,2,2,1971,36595,5.9,6,450000
2843,5,1,1966,31257,14.3,4,450000
2363,1,3,2008,15211,0.3,2,450000
1818,5,1,2020,31453,0.9,8,450000
4097,6,3,2006,6232,16.6,4,450000
4262,5,1,1975,3217,15.7,9,450000
2690,6,3,1974,25229,29.8,7,450000
1492,2,2,1959,15232,6.1,2,430279
3212,1,3,1994,26613,7.8,4,450000
2692,2,2,1960,15026,3.5,5,450000
1748,3,2,2002,29554,27.5,3,390101
3554,2,3,2021,31908,23.4,9,450000
4533,6,1,2017,20610,24.7,5,450000
2497,2,1,1977,47646,27.1,2,450000
4187,2,4,2014,40605,15.8,3,450000
2651,1,1,1998,8031,13.6,9,450000
4518,2,4,1996,48574,10.0,7,450000
3610,1,1,2001,26515,17.7,2,450000
2470,4,1,2003,37484,13.7,9,450000
697,3,2,2009,37182,13.6,4,346477
3126,1,4,2006,1570,28.1,9,450000
1702,6,1,1996,33254,29.5,2,395315
2535,4,4,1980,20288,23.9,10,450000
977,1,2,1995,14288,22.7,4,258212
1754,1,2,1975,30877,20.4,5,377566
1422,3,4,1954,19889,5.1,2,450000
919,6,2,2001,1917,1.9,10,450000
2704,5,3,2003,11066,20.8,1,450000
3097,5,3,1982,30504,21.9,7,450000
1620,1,2,1999,7982,1.5,10,450000
3568,2,3,1987,40104,27.8,1,450000
1450,6,1,1976,19062,2.8,8,450000
2836,4,4,1964,17999,8.6,3,450000
2743,2,1,2010,10941,20.2,10,450000
3145,2,4,1970,24470,5.2,6,450000
2357,6,2,1995,46148,1.8,7,450000
2365,1,1,2018,22133,10.0,10,450000
3412,1,2,1955,45435,23.0,1,450000
3353,1,2,1987,5529,12.5,6,450000
3728,1,4,2011,18519,19.6,7,450000
4219,5,4,2011,13192,17.4,6,450000
3728,1,4,2023,9566,0.8,4,450000
2871,5,1,1995,8226,29.7,1,450000
3391,5,3,1962,38930,1.3,9,450000
4256,1,4,1952,22259,29.0,4,450000
4725,3,4,1955,35087,16.5,7,450000
594,4,1,1957,2141,28.9,7,193161
3174,2,4,1993,5627,3.5,2,450000
2455,5,1,1982,48269,14.8,1,450000
1293,6,2,1999,3690,5.2,8,450000
2334,6,4,1960,41091,1.6,8,450000
2616,4,4,1977,4255,18.6,7,450000
4606,6,2,2019,6213,6.3,8,450000
3825,3,2,1990,37876,17.7,3,450000
3419,6,2,1965,20404,3.5,2,450000
3097,2,4,2017,26380,10.0,7,450000
3705,2,3,1997,26520,23.5,8,450000
1314,5,3,2005,20173,13.2,1,434506
845,1,3,2013,24989,18.9,10,384190
2849,3,4,2008,43570,19.5,9,450000
862,5,2,2011,25519,25.3,4,326515
2943,3,4,1960,23439,9.8,4,450000
2765,1,2,1967,12413,20.7,3,450000
2688,6,4,1968,15995,28.9,6,450000
3505,6,4,2004,24559,21.9,1,450000
3781,1,2,1975,46351,14.7,6,450000
1484,5,3,1955,24513,19.0,2,387817
2139,1,2,1953,6021,22.2,9,450000
1327,4,1,1978,33464,18.4,2,356419
3230,2,1,2008,22119,0.6,7,450000
4031,5,2,1966,30299,5.9,1,450000
4951,3,4,1992,40350,24.3,7,450000
3435,4,1,2015,47223,8.3,5,450000
4376,5,1,1983,26517,22.0,8,450000
626,1,4,1957,14117,11.2,4,299545
3677,1,4,1962,23250,15.7,10,450000
3556,1,3,1957,19950,2.1,7,450000
1103,1,4,2014,18359,5.5,6,450000
3949,3,2,1992,24596,28.7,5,450000
4646,4,2,1988,26530,26.7,4,450000
4033,6,3,2008,2262,19.6,7,450000
3867,2,1,1993,41150,13.8,5,450000
3868,3,1,1958,23615,20.3,5,450000
4297,3,4,1986,4327,18.6,1,450000
2292,6,2,2023,30768,17.1,2,450000
3361,6,1,1985,29850,1.9,5,450000
3976,2,3,1977,43788,19.0,3,450000
3917,2,3,1991,17848,23.1,2,450000
2145,6,2,1992,47830,29.8,4,450000
1705,1,3,1991,40542,0.4,4,450000
3530,3,3,2015,16160,21.9,4,450000
3372,5,2,2004,34998,17.2,4,450000
3572,2,4,2021,28230,13.1,3,450000
2354,2,4,1997,10076,3.9,7,450000
4521,6,3,1971,4805,12.3,9,450000
3208,4,4,1976,32085,10.7,5,450000
4002,5,4,2016,15715,9.2,4,450000
1832,5,3,1962,6750,22.0,2,417094
701,2,4,1994,49395,21.1,2,310049
4007,1,3,1959,14232,17.7,5,450000
4712,4,1,1958,36903,28.2,7,450000
1074,5,2,2003,7953,10.6,10,450000
1036,2,2,1976,33093,7.4,10,450000
2125,5,4,1983,26500,19.7,9,450000
2622,4,4,1950,23418,6.0,7,450000
885,4,4,1981,35314,9.5,5,450000
3781,3,2,2020,49225,6.8,10,450000
974,6,1,2016,23449,2.2,10,450000
917,6,1,1969,18478,24.8,10,412720
4100,2,2,1984,36179,7.7,6,450000
1454,4,1,1966,47881,14.2,3,439204
1705,3,2,1967,26338,1.4,5,450000
4620,3,1,1994,27899,21.0,8,450000
2490,5,3,2002,5145,10.0,1,450000
4072,5,3,2017,33101,22.4,1,450000
4880,3,2,2014,3775,12.4,7,450000
4658,5,1,1950,46961,6.0,5,450000
3213,4,4,2007,32647,15.4,5,450000
2703,1,1,1975,46619,4.0,1,450000
3620,4,3,1969,46838,13.3,9,450000
1466,3,3,1959,20539,9.6,1,435634
3932,3,1,2008,37738,27.4,5,450000
1188,4,1,1990,27616,1.9,10,450000
4743,5,4,1954,15119,20.9,9,450000
4201,5,4,2014,26159,5.6,4,450000
841,6,1,1966,38099,9.6,8,450000
2224,3,1,1971,11295,12.5,6,450000
4922,2,1,1990,35710,27.2,3,450000
2292,6,1,2017,25685,7.4,4,450000
2259,5,2,2018,26479,2.8,2,450000
3712,4,1,1960,47172,9.6,1,450000
1489,5,4,2005,34629,3.2,8,450000
2762,4,3,2000,43043,3.9,1,450000
2982,6,2,1970,18033,17.3,1,450000
1451,3,1,1975,37902,1.9,4,450000
1222,5,3,1968,45571,1.0,10,450000
3889,4,2,2009,16408,21.5,10,450000
2579,3,3,2020,18420,10.9,6,450000
3217,2,1,1996,17351,3.8,9,450000
2832,4,1,2020,5131,7.7,1,450000
3876,6,4,1975,45825,19.3,7,450000
2000,2,1,1989,12349,8.3,10,450000
785,2,1,1954,45254,14.9,5,321498
3995,1,2,1970,39225,3.7,8,450000
2565,5,4,1953,39847,17.7,7,450000
1268,4,2,1972,13453,9.6,4,402827
3557,2,3,1964,19814,18.8,4,450000
4789,1,1,1957,19263,24.3,6,450000
2661,6,3,1990,13158,18.4,6,450000
3793,3,2,1968,16735,8.9,9,450000
1446,4,1,1995,16830,7.7,5,450000
3835,2,1,1977,48893,9.9,8,450000
4650,5,2,2017,45673,5.0,5,450000
1981,1,2,1964,24926,5.5,2,440422
2401,2,2,1986,46066,23.7,6,450000
3951,5,2,1950,35779,11.6,9,450000
4564,2,2,2016,4373,13.1,3,450000
554,4,1,1973,11335,17.9,1,200695
2323,4,2,1976,24741,17.7,1,450000
3962,4,1,1989,11692,2.1,3,450000
3579,6,1,2012,48295,25.0,10,450000
1332,6,2,2010,46541,5.4,5,450000
4908,1,2,1985,35057,21.7,3,450000
3306,4,4,1973,2447,23.2,9,450000
2990,5,1,1973,20583,21.5,8,450000
827,2,2,1953,23765,17.4,3,251440
3810,3,2,2016,24906,0.5,9,450000
3800,5,2,1983,20567,10.9,6,450000
4175,6,4,2006,15139,18.2,7,450000
3554,6,4,1998,47525,11.7,4,450000
2643,5,3,2002,39230,25.9,4,450000
1811,6,1,1972,20520,9.3,2,450000
3691,4,3,2018,20702,8.9,5,450000
3038,1,2,2002,26566,8.1,8,450000
4483,2,4,2011,8657,10.1,7,450000
664,1,4,1990,38688,16.8,7,351656
4777,2,3,2006,31134,21.2,6,450000
1322,2,4,2009,11345,19.9,3,409891
1443,1,2,2003,42185,24.3,5,412672
4925,5,4,2019,28413,26.6,1,450000
1274,2,3,2006,6208,24.5,7,385613
2698,1,2,1959,34455,0.7,9,450000
3656,2,3,1989,29018,22.1,1,450000
4742,3,4,1956,46991,6.3,2,450000
4195,5,3,1987,9080,4.1,3,450000
3952,4,3,2010,22902,19.2,3,450000
1414,2,1,1952,10486,9.7,8,426089
1808,3,4,2000,39862,1.8,7,450000
4677,4,4,1996,22158,4.2,6,450000
1013,4,3,2017,41460,0.1,10,450000
2420,2,1,1987,44856,27.1,10,450000
4094,1,4,1985,36871,0.8,4,450000
1909,2,2,1990,36208,6.4,9,450000
3690,3,3,2018,21519,12.5,1,450000
4991,4,4,1962,32379,10.8,2,450000
2055,2,2,2007,29378,27.4,4,450000
1304,1,4,1999,40892,1.3,3,450000
1779,2,2,1979,15031,15.4,1,374477
4077,5,3,2011,15536,20.4,5,450000
3401,1,4,1974,1446,28.0,7,450000
1887,3,4,1976,37683,18.6,2,450000
3261,4,1,2000,49555,24.1,5,450000
3179,2,3,2006,18618,2.6,6,450000
2606,1,2,1996,7587,11.6,7,450000
4723,5,4,1988,32480,11.3,1,450000
3268,1,4,1965,33994,26.6,7,450000
